half_yearly,keyword,count,type
2010-2,삼성,9,company
2010-2,LG,9,company
2010-2,신한은행,6,company
2010-2,두산,4,company
2010-2,효성,3,company
2010-2,대한항공,3,company
2010-2,산업은행,3,company
2011-1,삼성,56,company
2011-1,LG,23,company
2011-1,현대,11,company
2011-1,SK,11,company
2011-1,신한은행,4,company
2011-1,GS,4,company
2011-1,포스코,3,company
2011-1,우리은행,3,company
2011-1,금호,6,company
2011-2,삼성,57,company
2011-2,현대,34,company
2011-2,두산,28,company
2011-2,LG,22,company
2011-2,포스코,16,company
2011-2,신한은행,14,company
2011-2,하나은행,14,company
2011-2,KT,22,company
2011-2,대우,11,company
2011-2,하이닉스,10,company
2011-2,코오롱,10,company
2011-2,STX,14,company
2011-2,대림산업,9,company
2011-2,GS,9,company
2011-2,효성,8,company
2011-2,국민은행,7,company
2011-2,SK,11,company
2011-2,CJ,11,company
2011-2,한화,6,company
2011-2,일진전자,6,company
2011-2,신한,5,company
2011-2,IBK,5,company
2011-2,만도,5,company
2011-2,산업은행,5,company
2011-2,극동건설,4,company
2011-2,기아,4,company
2011-2,LIG,4,company
2011-2,한솔,4,company
2011-2,팬택,4,company
2011-2,LG,4,company
2011-2,세아,3,company
2011-2,우리은행,3,company
2011-2,안철수,3,company
2011-2,신용보증기금,3,company
2011-2,농협,3,company
2012-1,삼성,166,company
2012-1,LG,40,company
2012-1,현대,28,company
2012-1,두산,24,company
2012-1,포스코,21,company
2012-1,신한은행,17,company
2012-1,GS,15,company
2012-1,SK,15,company
2012-1,롯데,11,company
2012-1,STX,10,company
2012-1,코어,9,company
2012-1,한전,8,company
2012-1,IBK,8,company
2012-1,교보생명,7,company
2012-1,금호,7,company
2012-1,동양,7,company
2012-1,기아,6,company
2012-1,웅진,6,company
2012-1,이랜드,6,company
2012-1,하나은행,6,company
2012-1,신세계,5,company
2012-1,외환은행,5,company
2012-1,우리은행,5,company
2012-1,오픈타이드,5,company
2012-1,대우,4,company
2012-1,매경,4,company
2012-1,수협,4,company
2012-1,쌍용,4,company
2012-1,경남은행,3,company
2012-1,마을금고,3,company
2012-1,삼전,3,company
2012-1,일진전자,3,company
2012-1,한화,3,company
2012-1,CJ,3,company
2012-1,KBS,3,company
2012-2,삼성,181,company
2012-2,현대,132,company
2012-2,LG,80,company
2012-2,신한은행,35,company
2012-2,우리은행,35,company
2012-2,기아,32,company
2012-2,대한항공,29,company
2012-2,SK,27,company
2012-2,GS,24,company
2012-2,동양,22,company
2012-2,농협,21,company
2012-2,두산,21,company
2012-2,유니클로,19,company
2012-2,롯데,18,company
2012-2,포스코,18,company
2012-2,한화,17,company
2012-2,CJ,17,company
2012-2,국민은행,16,company
2012-2,산업은행,16,company
2012-2,코오롱,16,company
2012-2,동원,13,company
2012-2,만도,12,company
2012-2,KT,12,company
2012-2,하이닉스,11,company
2012-2,마이다스아이티,10,company
2012-2,하나은행,10,company
2012-2,농어촌공사,9,company
2012-2,대우,9,company
2012-2,한전,9,company
2012-2,동서,8,company
2012-2,매직,8,company
2012-2,비씨카드,8,company
2012-2,이마트,8,company
2012-2,매경,7,company
2012-2,외환은행,7,company
2012-2,IBM,7,company
2012-2,넥센타이어,6,company
2012-2,한진,6,company
2012-2,효성,6,company
2012-2,LS,6,company
2012-2,서울보증보험,5,company
2012-2,BC,5,company
2012-2,NHN,5,company
2012-2,OCI,5,company
2012-2,강동,4,company
2012-2,교원,4,company
2012-2,금감원,4,company
2012-2,넥슨,4,company
2012-2,대림산업,4,company
2012-2,대연,4,company
2012-2,락스타,4,company
2012-2,범한판토스,4,company
2012-2,부산은행,4,company
2012-2,신용보증기금,4,company
2012-2,에이블,4,company
2012-2,오라클,4,company
2012-2,일진전자,4,company
2012-2,한국은행,4,company
2012-2,홈플러스,4,company
2012-2,LIG,4,company
2012-2,거래소,3,company
2012-2,교원그룹,3,company
2012-2,노틸러스,3,company
2012-2,대웅,3,company
2012-2,도레이,3,company
2012-2,마을금고,3,company
2012-2,세아,3,company
2012-2,한국감정원,3,company
2012-2,한솔,3,company
2012-2,항공대,3,company
2012-2,KGC,3,company
2013-1,삼성,356,company
2013-1,현대,151,company
2013-1,LG,142,company
2013-1,CJ,76,company
2013-1,SK,53,company
2013-1,롯데,52,company
2013-1,신한은행,32,company
2013-1,KT,28,company
2013-1,GS,25,company
2013-1,기아,23,company
2013-1,하나은행,23,company
2013-1,대우,21,company
2013-1,아주,18,company
2013-1,농협,16,company
2013-1,한전,16,company
2013-1,두산,14,company
2013-1,이랜드,14,company
2013-1,동원,13,company
2013-1,IBK,13,company
2013-1,외환은행,12,company
2013-1,관광공사,11,company
2013-1,한샘,11,company
2013-1,디원,10,company
2013-1,유니클로,10,company
2013-1,한화,10,company
2013-1,포스코,9,company
2013-1,신한,8,company
2013-1,이마트,8,company
2013-1,국민은행,7,company
2013-1,데상트,7,company
2013-1,아모레,7,company
2013-1,코웨이,7,company
2013-1,KDB,7,company
2013-1,강동,6,company
2013-1,풍산,6,company
2013-1,한국전력,6,company
2013-1,LIG,6,company
2013-1,금호,5,company
2013-1,라이나,5,company
2013-1,에뛰드,5,company
2013-1,한국전력공사,5,company
2013-1,대림산업,4,company
2013-1,대원,4,company
2013-1,마을금고,4,company
2013-1,세이브존,4,company
2013-1,오픈타이드,4,company
2013-1,한국가스공사,4,company
2013-1,LS,4,company
2013-1,광물공사,3,company
2013-1,국민은행,3,company
2013-1,농심,3,company
2013-1,대웅,3,company
2013-1,삼양,3,company
2013-1,아시아나항공,3,company
2013-1,에이블,3,company
2013-1,우리은행,3,company
2013-1,우리은행,3,company
2013-1,원자력,3,company
2013-1,일동,3,company
2013-1,주택,3,company
2013-1,하이닉스,3,company
2013-1,한국자산관리공사,3,company
2013-1,한국전력기술,3,company
2013-1,한솔교육,3,company
2013-1,AIM,3,company
2013-1,OCI,3,company
2013-2,삼성,197,company
2013-2,현대,164,company
2013-2,대한항공,68,company
2013-2,CJ,68,company
2013-2,LG,64,company
2013-2,한전,60,company
2013-2,SK,55,company
2013-2,롯데,44,company
2013-2,GS,38,company
2013-2,한화,35,company
2013-2,기아,27,company
2013-2,한샘,26,company
2013-2,포스코,24,company
2013-2,NC,24,company
2013-2,IBK,22,company
2013-2,농협,19,company
2013-2,효성,19,company
2013-2,하나은행,18,company
2013-2,동원,17,company
2013-2,NHN,16,company
2013-2,국민은행,15,company
2013-2,KT,15,company
2013-2,이랜드,14,company
2013-2,두산,13,company
2013-2,만도,13,company
2013-2,안동,13,company
2013-2,이수,13,company
2013-2,코오롱,13,company
2013-2,하이닉스,12,company
2013-2,한진,11,company
2013-2,LIG,11,company
2013-2,항공우주산업,10,company
2013-2,다음,9,company
2013-2,유니클로,9,company
2013-2,KCC,9,company
2013-2,동서,8,company
2013-2,동우,8,company
2013-2,마이다스아이티,8,company
2013-2,아주,8,company
2013-2,이마트,8,company
2013-2,종근당,8,company
2013-2,고려,7,company
2013-2,디원,7,company
2013-2,신한은행,7,company
2013-2,우리은행,7,company
2013-2,한솔,7,company
2013-2,LS,7,company
2013-2,넥슨,6,company
2013-2,대보,6,company
2013-2,쌍용,6,company
2013-2,이스트소프트,6,company
2013-2,MBC,6,company
2013-2,농심,5,company
2013-2,대림산업,5,company
2013-2,도레이,5,company
2013-2,캐논,5,company
2013-2,한국남부발전,5,company
2013-2,한국은행,5,company
2013-2,강동,4,company
2013-2,경동,4,company
2013-2,경산,4,company
2013-2,금호,4,company
2013-2,매경,4,company
2013-2,보증,4,company
2013-2,이노션,4,company
2013-2,캐피탈,4,company
2013-2,티브로드,4,company
2013-2,SBS,4,company
2013-2,넥센타이어,3,company
2013-2,노틸러스,3,company
2013-2,대연,3,company
2013-2,대우건설,3,company
2013-2,마을금고,3,company
2013-2,보령,3,company
2013-2,산전,3,company
2013-2,시티,3,company
2013-2,신도리코,3,company
2013-2,신세계,3,company
2013-2,아모레,3,company
2013-2,엔시스,3,company
2013-2,여천,3,company
2013-2,워커힐,3,company
2013-2,코웨이,3,company
2013-2,호텔신라,3,company
2013-2,황현,3,company
2014-1,삼성,139,company
2014-1,현대,84,company
2014-1,SK,47,company
2014-1,롯데,31,company
2014-1,한전,30,company
2014-1,CJ,23,company
2014-1,LG,18,company
2014-1,BGF,16,company
2014-1,한샘,16,company
2014-1,디원,16,company
2014-1,한진,14,company
2014-1,두산,12,company
2014-1,세아,11,company
2014-1,농협,11,company
2014-1,GS,10,company
2014-1,대우,10,company
2014-1,동원,9,company
2014-1,LS,5,company
2014-1,IBK,5,company
2014-1,하얏트,5,company
2014-1,아주,5,company
2014-1,동아,5,company
2014-1,계양,5,company
2014-1,OCI,4,company
2014-1,ISC,4,company
2014-1,하이닉스,4,company
2014-1,포스코,4,company
2014-1,세방,4,company
2014-1,산전,4,company
2014-1,동성,4,company
2014-1,다음,4,company
2014-1,교보생명,4,company
2014-1,SPC,3,company
2014-1,호텔신라,3,company
2014-1,한화,3,company
2014-1,하이로,3,company
2014-1,하나은행,3,company
2014-1,탈레스,3,company
2014-1,쿠팡,3,company
2014-1,캐논,3,company
2014-1,진에어,3,company
2014-1,안국,3,company
2014-1,아워홈,3,company
2014-1,신한은행,3,company
2014-1,빙그레,3,company
2014-1,데상트,3,company
2014-1,대교,3,company
2014-1,농심,3,company
2014-1,국민카드,3,company
2014-1,고려,3,company
2014-2,현대,135,company
2014-2,삼성,94,company
2014-2,한전,60,company
2014-2,LG,57,company
2014-2,GS,49,company
2014-2,SK,41,company
2014-2,CJ,33,company
2014-2,대한항공,32,company
2014-2,하나은행,24,company
2014-2,농협,23,company
2014-2,만도,22,company
2014-2,하이닉스,21,company
2014-2,롯데,18,company
2014-2,한진,16,company
2014-2,포스코,16,company
2014-2,NC,15,company
2014-2,효성,15,company
2014-2,디원,15,company
2014-2,KT,14,company
2014-2,한샘,13,company
2014-2,유니클로,13,company
2014-2,아워홈,13,company
2014-2,동원,13,company
2014-2,LS,11,company
2014-2,대우,11,company
2014-2,한화,10,company
2014-2,이랜드,10,company
2014-2,교보생명,10,company
2014-2,하이텍,9,company
2014-2,일진전자,9,company
2014-2,신한,9,company
2014-2,마이다스아이티,9,company
2014-2,대림산업,9,company
2014-2,한라,8,company
2014-2,코오롱,8,company
2014-2,우리은행,8,company
2014-2,아주,8,company
2014-2,성우,8,company
2014-2,국민은행,8,company
2014-2,SL,7,company
2014-2,신한은행,7,company
2014-2,기아차,7,company
2014-2,기아,7,company
2014-2,금호,7,company
2014-2,KAI,6,company
2014-2,항공우주산업,6,company
2014-2,쿠팡,6,company
2014-2,에어부산,6,company
2014-2,시멘트,6,company
2014-2,넥슨,6,company
2014-2,골프,6,company
2014-2,경산,6,company
2014-2,ADD,5,company
2014-2,한솔,5,company
2014-2,이수화학,5,company
2014-2,산전,5,company
2014-2,마을금고,5,company
2014-2,다음,5,company
2014-2,STO,4,company
2014-2,KDB,4,company
2014-2,태평양,4,company
2014-2,쿠니,4,company
2014-2,캐피탈,4,company
2014-2,보령,4,company
2014-2,두산,4,company
2014-2,동희,4,company
2014-2,동원그룹,4,company
2014-2,농심,4,company
2014-2,계양,4,company
2014-2,강소,4,company
2014-2,가톨릭,4,company
2014-2,ncc,3,company
2014-2,IBM,3,company
2014-2,EBS,3,company
2014-2,ebiz,3,company
2014-2,파수,3,company
2014-2,코웨이,3,company
2014-2,캐빈,3,company
2014-2,진흥,3,company
2014-2,여천,3,company
2014-2,세아,3,company
2014-2,세븐,3,company
2014-2,산업은행,3,company
2014-2,미니스톱,3,company
2014-2,로비스,3,company
2014-2,동아,3,company
2014-2,대원,3,company
2014-2,다이아몬드,3,company
2014-2,개인,3,company
2010-2,인턴,13,field
2011-1,인턴,45,field
2011-2,인턴,19,field
2012-1,인턴,75,field
2012-2,인턴,79,field
2013-1,인턴,241,field
2013-2,인턴,68,field
2014-1,인턴,89,field
2014-2,인턴,30,field
2010-2,이공,13,field
2011-1,이공,36,field
2011-2,이공,73,field
2012-1,이공,79,field
2012-2,이공,114,field
2013-1,이공,162,field
2013-2,이공,134,field
2014-1,이공,84,field
2014-2,이공,115,field
2010-2,금융,12,field
2011-1,금융,33,field
2011-2,금융,82,field
2012-1,금융,147,field
2012-2,금융,195,field
2013-1,금융,232,field
2013-2,금융,234,field
2014-1,금융,119,field
2014-2,금융,42,field
2010-2,증권,10,field
2011-1,증권,11,field
2011-2,증권,28,field
2012-1,증권,24,field
2012-2,증권,42,field
2013-1,증권,36,field
2013-2,증권,28,field
2014-1,증권,8,field
2014-2,증권,7,field
2010-2,인문,7,field
2011-1,인문,19,field
2011-2,인문,30,field
2012-1,인문,54,field
2012-2,인문,90,field
2013-1,인문,133,field
2013-2,인문,111,field
2014-1,인문,61,field
2014-2,인문,72,field
2010-2,상경,5,field
2011-1,상경,13,field
2011-2,상경,20,field
2012-1,상경,55,field
2012-2,상경,65,field
2013-1,상경,72,field
2013-2,상경,67,field
2014-1,상경,47,field
2014-2,상경,36,field
2010-2,반도체,5,field
2011-1,반도체,10,field
2011-2,반도체,7,field
2012-1,반도체,4,field
2012-2,반도체,19,field
2013-1,반도체,9,field
2013-2,반도체,15,field
2014-1,반도체,5,field
2014-2,반도체,5,field
2010-2,화학,4,field
2011-1,화학,4,field
2011-2,화학,6,field
2012-1,화학,14,field
2012-2,화학,18,field
2013-1,화학,21,field
2013-2,화학,25,field
2014-1,화학,11,field
2014-2,화학,14,field
2010-2,R&D,4,field
2011-1,R&D,3,field
2011-2,R&D,10,field
2012-1,R&D,6,field
2012-2,R&D,22,field
2013-1,R&D,21,field
2013-2,R&D,18,field
2014-1,R&D,12,field
2014-2,R&D,15,field
2010-2,연구,4,field
2011-1,연구,13,field
2011-2,연구,13,field
2012-1,연구,29,field
2012-2,연구,29,field
2013-1,연구,72,field
2013-2,연구,53,field
2014-1,연구,28,field
2014-2,연구,24,field
2010-2,개발,3,field
2011-1,개발,11,field
2011-2,개발,18,field
2012-1,개발,33,field
2012-2,개발,34,field
2013-1,개발,80,field
2013-2,개발,80,field
2014-1,개발,25,field
2014-2,개발,34,field
2010-2,제품,3,field
2011-1,제품,6,field
2011-2,제품,2,field
2012-2,제품,1,field
2013-1,제품,1,field
2013-2,제품,3,field
2014-1,제품,2,field
2014-2,제품,1,field
2010-2,전자,18,field
2011-1,전자,33,field
2011-2,전자,28,field
2012-1,전자,66,field
2012-2,전자,101,field
2013-1,전자,206,field
2013-2,전자,110,field
2014-1,전자,75,field
2014-2,전자,64,field
2010-2,전기,2,field
2011-1,전기,3,field
2011-2,전기,9,field
2012-1,전기,6,field
2012-2,전기,30,field
2013-1,전기,43,field
2013-2,전기,35,field
2014-1,전기,22,field
2014-2,전기,24,field
2010-2,건설,5,field
2011-1,건설,33,field
2011-2,건설,55,field
2012-1,건설,62,field
2012-2,건설,79,field
2013-1,건설,81,field
2013-2,건설,93,field
2014-1,건설,10,field
2014-2,건설,68,field
2010-2,외국,1,field
2011-1,외국,12,field
2011-2,외국,8,field
2012-1,외국,7,field
2012-2,외국,7,field
2013-1,외국,26,field
2013-2,외국,40,field
2014-1,외국,27,field
2014-2,외국,19,field
2011-1,토목,8,field
2011-2,토목,6,field
2012-1,토목,20,field
2012-2,토목,19,field
2013-1,토목,15,field
2013-2,토목,14,field
2014-1,토목,6,field
2014-2,토목,18,field
2011-1,LCD,7,field
2011-2,LCD,1,field
2010-2,영업,1,field
2011-1,영업,7,field
2011-2,영업,30,field
2012-1,영업,17,field
2012-2,영업,71,field
2013-1,영업,170,field
2013-2,영업,106,field
2014-1,영업,76,field
2014-2,영업,75,field
2011-1,마케팅,6,field
2011-2,마케팅,3,field
2012-1,마케팅,19,field
2012-2,마케팅,53,field
2013-1,마케팅,102,field
2013-2,마케팅,57,field
2014-1,마케팅,32,field
2014-2,마케팅,24,field
2011-1,관리,5,field
2011-2,관리,15,field
2012-1,관리,13,field
2012-2,관리,27,field
2013-1,관리,45,field
2013-2,관리,34,field
2014-1,관리,31,field
2014-2,관리,39,field
2011-1,디스플레이,6,field
2011-2,디스플레이,2,field
2012-1,디스플레이,10,field
2012-2,디스플레이,23,field
2013-1,디스플레이,51,field
2013-2,디스플레이,22,field
2014-1,디스플레이,9,field
2014-2,디스플레이,12,field
2010-2,건축,1,field
2011-1,건축,5,field
2011-2,건축,6,field
2012-1,건축,10,field
2012-2,건축,14,field
2013-1,건축,29,field
2013-2,건축,21,field
2014-1,건축,2,field
2014-2,건축,9,field
2010-2,기술,2,field
2011-1,기술,7,field
2011-2,기술,13,field
2012-1,기술,14,field
2012-2,기술,24,field
2013-1,기술,25,field
2013-2,기술,53,field
2014-1,기술,17,field
2014-2,기술,35,field
2010-2,공사,1,field
2011-1,공사,9,field
2011-2,공사,6,field
2012-1,공사,15,field
2012-2,공사,32,field
2013-1,공사,54,field
2013-2,공사,24,field
2014-1,공사,24,field
2014-2,공사,29,field
2010-2,자동차,1,field
2011-1,자동차,5,field
2011-2,자동차,6,field
2012-1,자동차,14,field
2012-2,자동차,42,field
2013-1,자동차,56,field
2013-2,자동차,72,field
2014-1,자동차,23,field
2014-2,자동차,39,field
2011-1,경영,4,field
2011-2,경영,20,field
2012-1,경영,24,field
2012-2,경영,33,field
2013-1,경영,62,field
2013-2,경영,50,field
2014-1,경영,16,field
2014-2,경영,10,field
2011-1,모바일,4,field
2012-1,모바일,7,field
2013-2,모바일,4,field
2014-2,모바일,1,field
2010-2,공학,1,field
2011-1,공학,3,field
2011-2,공학,8,field
2012-1,공학,7,field
2012-2,공학,21,field
2013-1,공학,25,field
2013-2,공학,16,field
2014-1,공학,15,field
2014-2,공학,41,field
2010-2,중공업,1,field
2011-1,중공업,3,field
2011-2,중공업,23,field
2012-1,중공업,27,field
2012-2,중공업,21,field
2013-1,중공업,33,field
2013-2,중공업,26,field
2014-1,중공업,19,field
2014-2,중공업,15,field
2010-2,중견,1,field
2011-1,중견,3,field
2012-1,중견,1,field
2012-2,중견,20,field
2013-1,중견,7,field
2013-2,중견,11,field
2014-1,중견,3,field
2014-2,중견,11,field
2011-1,보험,3,field
2011-2,보험,4,field
2012-1,보험,6,field
2012-2,보험,24,field
2013-1,보험,21,field
2013-2,보험,32,field
2014-1,보험,8,field
2014-2,보험,5,field
2010-2,기계,1,field
2011-1,기계,3,field
2011-2,기계,8,field
2012-1,기계,11,field
2012-2,기계,16,field
2013-1,기계,28,field
2013-2,기계,34,field
2014-1,기계,15,field
2014-2,기계,54,field
2011-2,플랜트,20,field
2012-1,플랜트,9,field
2012-2,플랜트,21,field
2013-1,플랜트,13,field
2013-2,플랜트,47,field
2014-1,플랜트,6,field
2014-2,플랜트,19,field
2011-1,투자,3,field
2011-2,투자,20,field
2012-1,투자,10,field
2012-2,투자,10,field
2013-1,투자,10,field
2013-2,투자,8,field
2014-1,투자,2,field
2014-2,투자,2,field
2011-1,IT,2,field
2011-2,IT,10,field
2012-1,IT,24,field
2012-2,IT,26,field
2013-1,IT,36,field
2013-2,IT,53,field
2014-1,IT,33,field
2014-2,IT,51,field
2010-2,인프라,1,field
2011-2,인프라,9,field
2012-1,인프라,13,field
2012-2,인프라,2,field
2013-1,인프라,8,field
2013-2,인프라,6,field
2014-2,인프라,1,field
2010-2,조선,2,field
2011-2,조선,9,field
2012-1,조선,4,field
2012-2,조선,6,field
2013-1,조선,10,field
2013-2,조선,7,field
2014-2,조선,1,field
2011-1,해외,2,field
2011-2,해외,8,field
2012-2,해외,14,field
2013-1,해외,45,field
2013-2,해외,23,field
2014-1,해외,12,field
2014-2,해외,27,field
2011-1,생산,2,field
2011-2,생산,10,field
2012-1,생산,2,field
2012-2,생산,22,field
2013-1,생산,11,field
2013-2,생산,22,field
2014-1,생산,4,field
2014-2,생산,26,field
2011-2,부품,8,field
2012-2,부품,2,field
2013-2,부품,1,field
2014-1,부품,1,field
2014-2,부품,3,field
2010-2,해양,2,field
2011-2,해양,9,field
2012-1,해양,5,field
2012-2,해양,6,field
2013-1,해양,9,field
2013-2,해양,3,field
2014-2,해양,1,field
2010-2,통신,1,field
2011-2,통신,7,field
2012-1,통신,6,field
2012-2,통신,7,field
2013-1,통신,9,field
2013-2,통신,26,field
2014-1,통신,3,field
2014-2,통신,9,field
2011-2,해상,7,field
2012-2,해상,13,field
2013-1,해상,1,field
2013-2,해상,3,field
2014-1,해상,1,field
2014-2,해상,3,field
2010-2,컨설팅,1,field
2011-2,컨설팅,6,field
2012-1,컨설팅,6,field
2012-2,컨설팅,3,field
2013-1,컨설팅,6,field
2013-2,컨설팅,4,field
2014-1,컨설팅,2,field
2014-2,컨설팅,3,field
2011-2,생명,9,field
2012-1,생명,16,field
2012-2,생명,24,field
2013-1,생명,32,field
2013-2,생명,10,field
2014-1,생명,7,field
2014-2,생명,19,field
2011-2,정보,6,field
2012-1,정보,5,field
2012-2,정보,9,field
2013-1,정보,13,field
2013-2,정보,20,field
2014-1,정보,11,field
2014-2,정보,15,field
2010-2,화재,1,field
2011-2,화재,8,field
2012-1,화재,16,field
2012-2,화재,9,field
2013-1,화재,13,field
2013-2,화재,8,field
2014-1,화재,3,field
2014-2,화재,2,field
2011-1,유통,2,field
2011-2,유통,6,field
2012-1,유통,9,field
2012-2,유통,20,field
2013-1,유통,32,field
2013-2,유통,32,field
2014-1,유통,16,field
2014-2,유통,22,field
2011-1,공기업,2,field
2011-2,공기업,6,field
2012-1,공기업,21,field
2012-2,공기업,18,field
2013-1,공기업,62,field
2013-2,공기업,47,field
2014-1,공기업,35,field
2014-2,공기업,28,field
2011-1,식품,2,field
2011-2,식품,6,field
2012-1,식품,13,field
2012-2,식품,17,field
2013-1,식품,18,field
2013-2,식품,14,field
2014-1,식품,21,field
2014-2,식품,15,field
2011-1,경제,3,field
2011-2,경제,6,field
2012-1,경제,30,field
2012-2,경제,29,field
2013-1,경제,19,field
2013-2,경제,22,field
2014-1,경제,12,field
2014-2,경제,15,field
2011-2,CM,5,field
2012-1,CM,1,field
2012-2,CM,2,field
2013-1,CM,5,field
2014-1,CM,3,field
2014-2,CM,1,field
2011-2,소프트웨어,5,field
2012-1,소프트웨어,2,field
2012-2,소프트웨어,7,field
2013-1,소프트웨어,9,field
2013-2,소프트웨어,5,field
2014-2,소프트웨어,4,field
2011-2,설계,5,field
2012-1,설계,3,field
2012-2,설계,5,field
2013-1,설계,11,field
2013-2,설계,4,field
2014-1,설계,1,field
2014-2,설계,12,field
2010-2,산업,5,field
2011-1,산업,2,field
2011-2,산업,19,field
2012-1,산업,9,field
2012-2,산업,35,field
2013-1,산업,10,field
2013-2,산업,23,field
2014-1,산업,13,field
2014-2,산업,27,field
2011-1,시공,1,field
2011-2,시공,4,field
2012-1,시공,2,field
2012-2,시공,1,field
2013-1,시공,5,field
2013-2,시공,2,field
2014-1,시공,2,field
2014-2,시공,11,field
2011-2,보안,4,field
2013-2,보안,3,field
2010-2,엔지니어링,1,field
2011-1,엔지니어링,1,field
2011-2,엔지니어링,12,field
2012-1,엔지니어링,5,field
2012-2,엔지니어링,15,field
2013-1,엔지니어링,11,field
2013-2,엔지니어링,16,field
2014-1,엔지니어링,12,field
2014-2,엔지니어링,25,field
2011-1,연구소,1,field
2011-2,연구소,3,field
2012-2,연구소,3,field
2013-1,연구소,4,field
2013-2,연구소,2,field
2014-1,연구소,3,field
2014-2,연구소,1,field
2010-2,엔지니어,1,field
2011-1,엔지니어,1,field
2011-2,엔지니어,12,field
2012-1,엔지니어,6,field
2012-2,엔지니어,16,field
2013-1,엔지니어,15,field
2013-2,엔지니어,27,field
2014-1,엔지니어,12,field
2014-2,엔지니어,26,field
2011-2,일렉트로닉스,3,field
2013-2,일렉트로닉스,2,field
2014-2,일렉트로닉스,8,field
2011-1,품질,1,field
2011-2,품질,3,field
2012-1,품질,1,field
2012-2,품질,7,field
2013-1,품질,4,field
2013-2,품질,14,field
2014-1,품질,10,field
2014-2,품질,4,field
2010-2,본사,1,field
2011-1,본사,1,field
2011-2,본사,3,field
2012-1,본사,1,field
2012-2,본사,3,field
2013-2,본사,2,field
2014-2,본사,3,field
2011-2,법인,3,field
2012-1,법인,2,field
2012-2,법인,1,field
2013-1,법인,7,field
2011-1,백화점,1,field
2011-2,백화점,4,field
2012-1,백화점,2,field
2012-2,백화점,11,field
2013-1,백화점,12,field
2013-2,백화점,14,field
2014-1,백화점,6,field
2014-2,백화점,19,field
2011-2,텔러,1,field
2012-1,텔러,15,field
2012-2,텔러,6,field
2013-1,텔러,15,field
2013-2,텔러,2,field
2011-2,화공,1,field
2012-1,화공,13,field
2012-2,화공,6,field
2013-1,화공,10,field
2013-2,화공,19,field
2014-1,화공,9,field
2014-2,화공,7,field
2011-1,ICT,1,field
2011-2,ICT,2,field
2012-1,ICT,11,field
2012-2,ICT,2,field
2013-1,ICT,11,field
2013-2,ICT,9,field
2014-1,ICT,4,field
2011-2,신입,2,field
2012-1,신입,10,field
2012-2,신입,6,field
2013-1,신입,14,field
2013-2,신입,8,field
2014-1,신입,9,field
2014-2,신입,8,field
2012-1,자연,8,field
2012-2,자연,1,field
2013-2,자연,1,field
2011-2,제약,1,field
2012-1,제약,8,field
2012-2,제약,10,field
2013-1,제약,15,field
2013-2,제약,7,field
2014-1,제약,8,field
2014-2,제약,11,field
2011-2,패션,1,field
2012-1,패션,6,field
2012-2,패션,13,field
2013-1,패션,16,field
2013-2,패션,17,field
2014-1,패션,10,field
2014-2,패션,9,field
2011-1,기획,2,field
2012-1,기획,11,field
2012-2,기획,28,field
2013-1,기획,25,field
2013-2,기획,45,field
2014-1,기획,11,field
2014-2,기획,25,field
2012-1,광고,6,field
2012-2,광고,10,field
2013-1,광고,5,field
2013-2,광고,12,field
2014-1,광고,13,field
2014-2,광고,8,field
2011-1,화장품,1,field
2012-1,화장품,5,field
2012-2,화장품,2,field
2013-1,화장품,5,field
2013-2,화장품,3,field
2014-2,화장품,4,field
2011-1,공단,1,field
2011-2,공단,2,field
2012-1,공단,8,field
2012-2,공단,4,field
2013-1,공단,6,field
2013-2,공단,9,field
2014-1,공단,7,field
2014-2,공단,5,field
2011-1,시스템즈,2,field
2011-2,시스템즈,2,field
2012-1,시스템즈,4,field
2012-2,시스템즈,1,field
2013-1,시스템즈,2,field
2013-2,시스템즈,6,field
2014-2,시스템즈,5,field
2011-1,안전,1,field
2011-2,안전,1,field
2012-1,안전,4,field
2012-2,안전,2,field
2013-1,안전,5,field
2013-2,안전,14,field
2014-1,안전,12,field
2014-2,안전,7,field
2010-2,일반,1,field
2011-1,일반,1,field
2011-2,일반,1,field
2012-1,일반,4,field
2012-2,일반,28,field
2013-1,일반,26,field
2013-2,일반,31,field
2014-1,일반,4,field
2014-2,일반,27,field
2011-1,재무,1,field
2011-2,재무,1,field
2012-1,재무,5,field
2012-2,재무,6,field
2013-1,재무,20,field
2013-2,재무,15,field
2014-1,재무,10,field
2014-2,재무,6,field
2011-1,증권사,2,field
2011-2,증권사,2,field
2012-1,증권사,4,field
2012-2,증권사,15,field
2013-1,증권사,2,field
2013-2,증권사,5,field
2010-2,석유,1,field
2011-2,석유,1,field
2012-1,석유,4,field
2012-2,석유,2,field
2013-1,석유,2,field
2013-2,석유,4,field
2014-2,석유,5,field
2011-1,바이오,2,field
2012-1,바이오,4,field
2012-2,바이오,9,field
2013-1,바이오,10,field
2013-2,바이오,4,field
2014-1,바이오,2,field
2014-2,바이오,2,field
2012-1,무선,4,field
2012-2,무선,3,field
2013-1,무선,10,field
2013-2,무선,3,field
2014-1,무선,3,field
2011-1,발전,1,field
2011-2,발전,2,field
2012-1,발전,5,field
2012-2,발전,12,field
2013-1,발전,5,field
2013-2,발전,20,field
2014-1,발전,12,field
2014-2,발전,2,field
2011-1,SI,1,field
2011-2,SI,2,field
2012-1,SI,3,field
2012-2,SI,4,field
2013-1,SI,16,field
2013-2,SI,17,field
2014-1,SI,6,field
2014-2,SI,1,field
2012-1,SW,3,field
2012-2,SW,4,field
2013-1,SW,5,field
2013-2,SW,3,field
2014-2,SW,8,field
2012-1,VD,3,field
2012-1,ict,2,field
2013-1,ict,3,field
2014-1,ict,1,field
2011-1,회계,1,field
2011-2,회계,1,field
2012-1,회계,4,field
2012-2,회계,3,field
2013-1,회계,8,field
2013-2,회계,8,field
2014-1,회계,6,field
2014-2,회계,3,field
2011-1,행정,1,field
2012-1,행정,3,field
2012-2,행정,2,field
2013-1,행정,3,field
2013-2,행정,2,field
2014-1,행정,1,field
2012-1,행원,3,field
2012-2,행원,1,field
2013-1,행원,9,field
2013-2,행원,1,field
2010-2,항공,3,field
2011-1,항공,2,field
2011-2,항공,4,field
2012-1,항공,6,field
2012-2,항공,50,field
2013-1,항공,18,field
2013-2,항공,85,field
2014-1,항공,7,field
2014-2,항공,49,field
2012-1,전담,3,field
2013-1,전담,3,field
2012-1,GB,3,field
2012-2,GB,5,field
2013-1,GB,10,field
2014-1,GB,1,field
2014-2,GB,1,field
2011-2,물류,1,field
2012-1,물류,3,field
2012-2,물류,7,field
2013-1,물류,17,field
2013-2,물류,12,field
2014-1,물류,16,field
2014-2,물류,6,field
2012-1,각종,3,field
2013-1,각종,1,field
2010-2,에너지,1,field
2012-1,에너지,4,field
2012-2,에너지,2,field
2013-1,에너지,1,field
2013-2,에너지,2,field
2014-2,에너지,2,field
2011-2,구매,2,field
2012-2,구매,15,field
2013-1,구매,7,field
2013-2,구매,18,field
2014-1,구매,2,field
2014-2,구매,15,field
2010-2,일반직,1,field
2012-2,일반직,15,field
2013-1,일반직,9,field
2013-2,일반직,19,field
2014-1,일반직,2,field
2014-2,일반직,11,field
2010-2,소재,1,field
2011-1,소재,1,field
2011-2,소재,2,field
2012-1,소재,1,field
2012-2,소재,13,field
2013-1,소재,6,field
2013-2,소재,15,field
2014-1,소재,2,field
2014-2,소재,6,field
2011-2,무역,2,field
2012-1,무역,2,field
2012-2,무역,11,field
2013-1,무역,23,field
2013-2,무역,18,field
2014-1,무역,10,field
2014-2,무역,5,field
2011-2,카드,7,field
2012-1,카드,2,field
2012-2,카드,21,field
2013-1,카드,6,field
2013-2,카드,13,field
2014-1,카드,10,field
2014-2,카드,15,field
2011-1,손해,1,field
2011-2,손해,2,field
2012-2,손해,9,field
2013-1,손해,4,field
2013-2,손해,13,field
2014-1,손해,1,field
2012-1,공정,1,field
2012-2,공정,10,field
2013-1,공정,5,field
2013-2,공정,4,field
2014-1,공정,4,field
2014-2,공정,3,field
2012-1,특화,2,field
2012-2,특화,9,field
2013-1,특화,1,field
2011-2,글로벌,1,field
2012-1,글로벌,1,field
2012-2,글로벌,8,field
2013-1,글로벌,8,field
2013-2,글로벌,12,field
2014-1,글로벌,5,field
2014-2,글로벌,8,field
2011-1,국내,2,field
2012-1,국내,2,field
2012-2,국내,7,field
2013-1,국내,16,field
2013-2,국내,8,field
2014-1,국내,3,field
2014-2,국내,2,field
2011-2,서비스,1,field
2012-2,서비스,8,field
2013-1,서비스,3,field
2013-2,서비스,15,field
2014-1,서비스,4,field
2014-2,서비스,13,field
2012-2,점장,7,field
2013-2,점장,3,field
2012-2,롯데제과,7,field
2013-1,롯데제과,3,field
2013-2,롯데제과,4,field
2014-1,롯데제과,1,field
2012-2,휴맥스,7,field
2013-1,휴맥스,2,field
2013-2,휴맥스,4,field
2012-1,메모리,2,field
2012-2,메모리,7,field
2013-1,메모리,17,field
2013-2,메모리,8,field
2014-1,메모리,8,field
2014-2,메모리,4,field
2011-1,항공사,2,field
2011-2,항공사,2,field
2012-1,항공사,2,field
2012-2,항공사,8,field
2013-1,항공사,11,field
2013-2,항공사,12,field
2014-1,항공사,1,field
2014-2,항공사,3,field
2011-2,MD,6,field
2012-1,MD,9,field
2012-2,MD,6,field
2013-1,MD,7,field
2013-2,MD,15,field
2014-1,MD,9,field
2014-2,MD,8,field
2012-2,게임,6,field
2013-1,게임,1,field
2013-2,게임,6,field
2014-1,게임,3,field
2014-2,게임,5,field
2012-2,투어,6,field
2013-1,투어,5,field
2013-2,투어,6,field
2014-1,투어,1,field
2014-2,투어,4,field
2011-1,공공,1,field
2012-1,공공,2,field
2012-2,공공,5,field
2013-1,공공,3,field
2014-1,공공,2,field
2014-2,공공,3,field
2010-2,계열사,2,field
2011-2,계열사,1,field
2012-2,계열사,5,field
2013-1,계열사,14,field
2013-2,계열사,9,field
2014-1,계열사,5,field
2014-2,계열사,9,field
2011-1,국제,1,field
2011-2,국제,3,field
2012-2,국제,6,field
2013-1,국제,11,field
2013-2,국제,3,field
2014-1,국제,1,field
2014-2,국제,2,field
2012-1,재료,2,field
2012-2,재료,5,field
2013-1,재료,4,field
2013-2,재료,4,field
2014-2,재료,6,field
2011-1,제조,2,field
2011-2,제조,1,field
2012-1,제조,2,field
2012-2,제조,6,field
2013-1,제조,4,field
2013-2,제조,9,field
2014-1,제조,5,field
2014-2,제조,10,field
2012-2,실업,5,field
2013-1,실업,1,field
2013-2,실업,2,field
2014-1,실업,1,field
2014-2,실업,2,field
2010-2,MC,2,field
2011-2,MC,2,field
2012-1,MC,2,field
2012-2,MC,10,field
2013-1,MC,8,field
2013-2,MC,4,field
2014-1,MC,2,field
2014-2,MC,6,field
2012-1,쇼핑,2,field
2012-2,쇼핑,4,field
2013-1,쇼핑,8,field
2013-2,쇼핑,14,field
2014-1,쇼핑,1,field
2014-2,쇼핑,2,field
2011-2,솔루션,1,field
2012-2,솔루션,5,field
2013-1,솔루션,2,field
2013-2,솔루션,1,field
2014-1,솔루션,2,field
2011-1,상관,1,field
2011-2,상관,2,field
2012-1,상관,7,field
2012-2,상관,11,field
2013-1,상관,7,field
2013-2,상관,8,field
2014-1,상관,3,field
2014-2,상관,7,field
2012-2,승무원,5,field
2013-1,승무원,4,field
2013-2,승무원,3,field
2014-1,승무원,2,field
2014-2,승무원,6,field
2011-2,환경,1,field
2012-1,환경,3,field
2012-2,환경,4,field
2013-1,환경,7,field
2013-2,환경,21,field
2014-1,환경,8,field
2014-2,환경,3,field
2011-2,코닝,2,field
2012-2,코닝,4,field
2013-1,코닝,1,field
2013-2,코닝,1,field
2014-1,코닝,1,field
2012-1,해운,1,field
2012-2,해운,5,field
2013-1,해운,6,field
2013-2,해운,14,field
2014-1,해운,5,field
2014-2,해운,5,field
2012-2,통합,4,field
2013-1,통합,1,field
2013-2,통합,5,field
2012-2,Entertainment,4,field
2013-1,Entertainment,1,field
2012-2,사무직,4,field
2013-1,사무직,3,field
2013-2,사무직,8,field
2014-1,사무직,1,field
2014-2,사무직,3,field
2012-2,재무제표,4,field
2011-1,상품,1,field
2012-1,상품,2,field
2012-2,상품,4,field
2013-1,상품,1,field
2013-2,상품,3,field
2014-1,상품,4,field
2011-2,디자인,1,field
2012-2,디자인,4,field
2013-1,디자인,10,field
2013-2,디자인,12,field
2014-1,디자인,15,field
2014-2,디자인,16,field
2011-1,자산운용,1,field
2012-2,자산운용,4,field
2013-1,자산운용,2,field
2013-2,자산운용,2,field
2014-1,자산운용,2,field
2012-2,미디어,4,field
2013-1,미디어,2,field
2013-2,미디어,4,field
2014-1,미디어,2,field
2014-2,미디어,6,field
2012-2,병원,4,field
2013-1,병원,1,field
2013-2,병원,1,field
2014-1,병원,1,field
2011-1,신문,1,field
2011-2,신문,1,field
2012-2,신문,3,field
2013-1,신문,4,field
2013-2,신문,2,field
2014-1,신문,6,field
2014-2,신문,3,field
2012-1,보상,1,field
2012-2,보상,3,field
2013-2,보상,4,field
2012-2,Scm,3,field
2011-2,설비,1,field
2012-1,설비,1,field
2012-2,설비,3,field
2013-1,설비,6,field
2013-2,설비,8,field
2014-1,설비,4,field
2014-2,설비,2,field
2012-2,FC,3,field
2013-1,FC,1,field
2012-2,GLS,3,field
2012-2,아이티,9,field
2013-2,아이티,8,field
2014-1,아이티,1,field
2014-2,아이티,9,field
2012-2,대행사,3,field
2013-1,대행사,1,field
2013-2,대행사,3,field
2014-1,대행사,1,field
2010-2,첨단,1,field
2012-2,첨단,3,field
2013-2,첨단,5,field
2011-2,종합,1,field
2012-1,종합,2,field
2012-2,종합,3,field
2013-1,종합,11,field
2013-2,종합,7,field
2014-1,종합,5,field
2014-2,종합,11,field
2012-1,대상,2,field
2012-2,대상,3,field
2013-1,대상,6,field
2013-2,대상,4,field
2014-1,대상,9,field
2014-2,대상,1,field
2012-2,과학,3,field
2013-1,과학,4,field
2013-2,과학,1,field
2014-2,과학,3,field
2011-2,일본어,2,field
2012-1,일본어,1,field
2012-2,일본어,3,field
2013-2,일본어,2,field
2014-1,일본어,1,field
2014-2,일본어,4,field
2011-2,인사,2,field
2012-2,인사,3,field
2013-1,인사,1,field
2013-2,인사,8,field
2014-1,인사,4,field
2014-2,인사,3,field
2012-2,interactive,3,field
2010-2,상사,1,field
2011-2,상사,1,field
2012-2,상사,1,field
2013-1,상사,18,field
2013-2,상사,15,field
2014-1,상사,4,field
2014-2,상사,9,field
2012-2,PD,1,field
2013-1,PD,11,field
2013-2,PD,4,field
2013-1,예능,11,field
2013-2,예능,2,field
2012-1,영상,1,field
2013-1,영상,13,field
2014-1,영상,1,field
2014-2,영상,1,field
2011-2,방송,1,field
2013-1,방송,11,field
2013-2,방송,12,field
2014-2,방송,2,field
2013-1,드라마,11,field
2013-2,드라마,2,field
2014-1,드라마,1,field
2010-2,HW,1,field
2011-1,HW,1,field
2012-1,HW,1,field
2012-2,HW,2,field
2013-1,HW,9,field
2013-2,HW,1,field
2014-2,HW,5,field
2012-2,영업직,4,field
2013-1,영업직,13,field
2013-2,영업직,14,field
2014-1,영업직,9,field
2014-2,영업직,8,field
2011-1,시스템,2,field
2011-2,시스템,4,field
2012-1,시스템,5,field
2012-2,시스템,3,field
2013-1,시스템,10,field
2013-2,시스템,15,field
2014-1,시스템,5,field
2014-2,시스템,9,field
2012-2,CE,1,field
2013-1,CE,9,field
2013-2,CE,4,field
2014-1,CE,12,field
2014-2,CE,6,field
2011-2,건강,2,field
2013-1,건강,9,field
2013-2,건강,6,field
2014-2,건강,3,field
2013-1,주류,6,field
2013-2,주류,3,field
2014-2,주류,1,field
2011-1,제어,2,field
2012-1,제어,1,field
2012-2,제어,1,field
2013-1,제어,7,field
2011-2,네트워크,1,field
2012-1,네트워크,2,field
2012-2,네트워크,2,field
2013-1,네트워크,7,field
2013-2,네트워크,1,field
2014-1,네트워크,1,field
2014-2,네트워크,4,field
2013-1,테마파크,6,field
2011-2,세일즈,1,field
2013-1,세일즈,6,field
2014-2,세일즈,2,field
2012-1,SCM,1,field
2012-2,SCM,2,field
2013-1,SCM,5,field
2014-1,SCM,3,field
2014-2,SCM,1,field
2011-2,익스프레스,1,field
2013-1,익스프레스,5,field
2013-2,익스프레스,4,field
2014-2,익스프레스,3,field
2013-1,스포츠,5,field
2013-2,스포츠,1,field
2013-1,송배전,6,field
2013-2,송배전,9,field
2014-1,송배전,4,field
2014-2,송배전,21,field
2013-1,비전,5,field
2013-2,비전,2,field
2014-2,비전,1,field
2012-2,멘토링,1,field
2013-1,멘토링,5,field
2013-2,멘토링,2,field
2014-1,멘토링,1,field
2014-2,멘토링,29,field
2011-2,관리직,2,field
2012-1,관리직,2,field
2012-2,관리직,2,field
2013-1,관리직,5,field
2013-2,관리직,2,field
2014-1,관리직,3,field
2014-2,관리직,3,field
2012-1,현장,1,field
2012-2,현장,2,field
2013-1,현장,4,field
2013-2,현장,3,field
2014-1,현장,1,field
2011-2,토탈,1,field
2012-1,토탈,1,field
2012-2,토탈,1,field
2013-1,토탈,4,field
2010-2,케미,1,field
2011-2,케미,1,field
2012-1,케미,3,field
2012-2,케미,8,field
2013-1,케미,16,field
2013-2,케미,10,field
2014-1,케미,11,field
2014-2,케미,2,field
2013-1,총괄,4,field
2013-1,청년,4,field
2013-2,청년,1,field
2012-1,장교,1,field
2013-1,장교,4,field
2013-2,장교,2,field
2014-1,장교,2,field
2014-2,장교,1,field
2011-2,인재,1,field
2012-2,인재,4,field
2013-1,인재,7,field
2013-2,인재,20,field
2014-1,인재,5,field
2014-2,인재,3,field
2010-2,연구개발,3,field
2011-1,연구개발,11,field
2011-2,연구개발,9,field
2012-1,연구개발,25,field
2012-2,연구개발,24,field
2013-1,연구개발,61,field
2013-2,연구개발,46,field
2014-1,연구개발,15,field
2014-2,연구개발,19,field
2011-2,약품,1,field
2013-1,약품,4,field
2013-2,약품,3,field
2014-1,약품,3,field
2014-2,약품,5,field
2012-1,면세점,2,field
2013-1,면세점,4,field
2014-1,면세점,1,field
2011-2,마스터,1,field
2013-1,마스터,4,field
2012-1,관리사,2,field
2013-1,관리사,3,field
2014-1,관리사,2,field
2012-2,공장,2,field
2013-1,공장,4,field
2013-2,공장,2,field
2014-1,공장,5,field
2012-2,IM,1,field
2013-1,IM,6,field
2013-2,IM,7,field
2014-1,IM,14,field
2014-2,IM,6,field
2012-1,홍보,2,field
2012-2,홍보,1,field
2013-1,홍보,3,field
2013-2,홍보,1,field
2014-1,홍보,1,field
2012-1,푸드,2,field
2012-2,푸드,1,field
2013-1,푸드,3,field
2013-2,푸드,5,field
2014-1,푸드,6,field
2014-2,푸드,1,field
2013-1,통운,3,field
2013-2,통운,3,field
2013-1,챌린지,3,field
2014-1,챌린지,2,field
2010-2,전산,2,field
2011-2,전산,1,field
2012-1,전산,1,field
2012-2,전산,1,field
2013-1,전산,3,field
2013-2,전산,11,field
2014-1,전산,2,field
2011-2,재경,1,field
2012-2,재경,2,field
2013-1,재경,3,field
2013-2,재경,2,field
2014-1,재경,1,field
2014-2,재경,3,field
2013-1,의류,3,field
2013-2,의류,1,field
2014-2,의류,3,field
2011-1,운용,1,field
2012-2,운용,4,field
2013-1,운용,4,field
2013-2,운용,2,field
2014-1,운용,2,field
2012-2,외항,1,field
2013-1,외항,3,field
2013-2,외항,1,field
2011-2,연구원,1,field
2012-2,연구원,1,field
2013-1,연구원,3,field
2013-2,연구원,1,field
2014-1,연구원,4,field
2011-1,무기,1,field
2013-1,무기,9,field
2013-2,무기,1,field
2011-1,공항,2,field
2011-2,공항,2,field
2012-1,공항,2,field
2012-2,공항,3,field
2013-1,공항,9,field
2013-2,공항,5,field
2014-1,공항,1,field
2014-2,공항,2,field
2013-1,계약직,3,field
2012-2,가전,2,field
2013-1,가전,3,field
2011-2,경력,1,field
2012-2,경력,2,field
2013-2,경력,10,field
2014-1,경력,4,field
2014-2,경력,13,field
2011-2,일본,2,field
2012-1,일본,1,field
2012-2,일본,4,field
2013-1,일본,1,field
2013-2,일본,9,field
2014-1,일본,5,field
2014-2,일본,4,field
2011-2,외식,1,field
2012-1,외식,2,field
2012-2,외식,1,field
2013-1,외식,2,field
2013-2,외식,8,field
2014-1,외식,4,field
2011-2,리서치,1,field
2012-1,리서치,1,field
2013-2,리서치,6,field
2012-1,md,1,field
2013-1,md,1,field
2013-2,md,6,field
2012-2,PR,1,field
2013-2,PR,5,field
2014-1,PR,2,field
2014-2,PR,1,field
2011-1,it,1,field
2011-2,it,2,field
2012-1,it,2,field
2013-1,it,2,field
2013-2,it,6,field
2014-1,it,1,field
2014-2,it,5,field
2012-2,카지노,2,field
2013-2,카지노,4,field
2014-2,카지노,2,field
2013-2,영화,3,field
2014-1,영화,1,field
2014-2,영화,1,field
2013-2,비즈니스,3,field
2014-1,비즈니스,1,field
2012-2,브랜드,1,field
2013-1,브랜드,2,field
2013-2,브랜드,3,field
2014-1,브랜드,4,field
2014-2,브랜드,2,field
2013-2,피에스,3,field
2011-2,섬유,1,field
2013-1,섬유,1,field
2013-2,섬유,3,field
2012-1,시설,1,field
2013-2,시설,3,field
2014-1,시설,1,field
2014-2,시설,1,field
2012-2,산학,1,field
2013-1,산학,1,field
2013-2,산학,3,field
2014-1,산학,2,field
2012-1,기차,2,field
2013-1,기차,1,field
2013-2,기차,3,field
2012-2,메디,1,field
2013-1,메디,3,field
2013-2,메디,4,field
2012-2,특수강,1,field
2013-2,특수강,3,field
2014-2,특수강,1,field
2013-2,통신사,3,field
2014-1,통신사,1,field
2014-2,통신사,1,field
2013-1,여행사,1,field
2013-2,여행사,1,field
2014-1,여행사,6,field
2012-1,정규직,2,field
2013-1,정규직,1,field
2014-1,정규직,7,field
2012-2,ce,3,field
2013-1,ce,2,field
2014-1,ce,5,field
2014-2,ce,4,field
2013-1,im,1,field
2014-1,im,5,field
2014-2,im,4,field
2011-2,전지,2,field
2012-1,전지,4,field
2012-2,전지,2,field
2013-1,전지,3,field
2013-2,전지,3,field
2014-1,전지,5,field
2014-2,전지,2,field
2011-2,제철,1,field
2012-1,제철,1,field
2012-2,제철,6,field
2013-1,제철,6,field
2013-2,제철,5,field
2014-1,제철,7,field
2014-2,제철,7,field
2014-1,VMD,3,field
2013-2,포워딩,1,field
2014-1,포워딩,3,field
2013-1,항만,1,field
2014-1,항만,3,field
2013-1,커뮤니케이션,1,field
2014-1,커뮤니케이션,3,field
2013-1,발전사,1,field
2013-2,발전사,1,field
2014-1,발전사,3,field
2010-2,물산,1,field
2011-1,물산,4,field
2011-2,물산,5,field
2012-1,물산,10,field
2012-2,물산,13,field
2013-1,물산,20,field
2013-2,물산,11,field
2014-1,물산,6,field
2014-2,물산,7,field
2011-2,경상,1,field
2012-1,경상,1,field
2012-2,경상,1,field
2013-1,경상,1,field
2013-2,경상,2,field
2014-1,경상,4,field
