category,isbn,title,what,who,when
self,1185421173,"직장인, 딱 3개월만 책쓰기에 미쳐라",책쓰기,직장인,3개월만
"self,essay",899779096X,지금 청춘이라면 심리학에 미쳐라,심리학,청춘,
self,895095625X,딱! 100일만 미쳐라,,,100일만
self,8997827502,"40대, 다시 건강에 미쳐라",건강,40대,
self,8992538839,1년만 미쳐라,,,1년만
self,8960781754,독특함에 미쳐라,독특함,,
"self,essay",8955966601,미친 생각에 미쳐라,생각,20대,
self,8998336944,성공에 미쳐라,성공,,
self,8993176957,"40대, 다시 한 번 도전에 미쳐라",도전,40대,
self,8998588005,뜨거워야 움직이고 미쳐야 내 것이 된다,,,
self,8997580361,성공하려면 비워라 즐겨라 미쳐라,,,
self,8996439029,미쳐라! 미쳐 버려라!,,,
self,8962441713,"도전!! 2012년, 미쳐야 산다",,,2012년
self,8975045684,"40대, 다시 한 번 공부에 미쳐라",공부,40대,
self,8979521618,"20대, 자기계발에 미쳐라 (양장)",자기계발,20대,
self,8960864773,20대에는 사람을 쫓고 30대에는 일에 미쳐라,일,30대,
self,8957974008,창의력에 미쳐라,창의력,,
self,8962441098,기본에 미쳐라,기본,,
self,8962441071,지금 하는 일에 미쳐라,지금 하는 일,,
self,8962440873,가슴 뛰는 것에 미쳐라,가슴 뛰는 것,,
self,8996156906,서른살 만남에 미쳐라,만남,서른살,
self,8991373291,"대한민국 20대, 공모전에 미쳐라!",공모전,,
self,8979521138,"20대, 자기계발에 미쳐라",자기계발,20대,
self,8991643566,차가운 열정으로 우아하게 미쳐라,,,
self,8992677308,열정에 미쳐라,열정,,
self,8960601217,어려울수록 기본에 미쳐라,기본,,
self,8996087971,"신입사원, 3년만 제대로 미쳐라",,신입사원,3년만
self,8992677197,1년만 확실히 미쳐라,,,1년만
self,8995272333,"위기탈출, 아이디어에 미쳐라",아이디어,,
self,8984054399,서른살 진짜 내 인생에 미쳐라,인생,서른살,
self,8962870029,돈보다 기쁨에 미쳐라,기쁨,,
self,8992946058,"20대, 미쳐야 살아남는다",,,
self,8901086220,"서른 살, 꿈에 미쳐라",꿈,서른살,
self,8993021333,20대 성공하는 습관에 미쳐라,성공하는 습관,,
self,8978952925,오바마처럼 꿈에 미쳐라,꿈,,
self,8980501986,"20대, 자기계발에 미쳐라",자기계발,,
self,8956591113,"30대, 다시 공부에 미쳐라",공부,,
self,8925516381,"20대, 공부에 미쳐라",공부,20대,
self,8981102481,"대한민국 2030, 경력테크에 미쳐라",경력테크,,
self,899198407X,"대한민국 20대, 인테크에 미쳐라",인테크,20대,
self,897891232X,"대한민국 20대, 열정에 미쳐라",열정,20대,
self,8970904867,딱 1시간만 미쳐라,,,1시간만
self,898922294X,1년만 미쳐라,,,1년만
"marriage,essay",8995700343,가족에 미쳐라,가족,,
invest,8991113826,50대 재테크에 다시 한 번 미쳐라,재테크,50대,
invest,8984656321,교육과 부동산에 미쳐야 사는 민족,교육과 부동산,민족,
invest,8996186805,재테크에 다시 미쳐라,재테크,,
invest,8986982838,돈 벌려면 경매에 미쳐라,경매,,
invest,8992449259,부동산 경매에 미쳐라,부동산 경매,,
invest,8995891300,뉴타운 재개발에 미쳐라,뉴타운 재개발,,
invest,8959750956,"대한민국 20대, 펀드투자에 미쳐라",펀드투자,20대,
invest,8959750727,"대한민국 20대, 내집마련에 미쳐라",내집마련,20대,
invest,894752588X,부자가 되려면 채권에 미쳐라,채권,,
invest,8959750573,"대한민국 20대, 재테크에 미쳐라",재테크,20대,
essay,8934936517,스무살 청춘! A+보다 꿈에 미쳐라,꿈,스무살 청춘,
essay,8991239153,나만큼 미쳐봐,,,
