half_yearly,keyword,category,type
2010-2,면접,53,target
2010-2,필기,4,target
2010-2,인적성,3,target
2010-2,최종,3,target
2011-1,면접,98,target
2011-1,공채,22,target
2011-1,SSAT,13,target
2011-1,토론,7,target
2011-1,영어,5,target
2011-1,인적성,5,target
2011-1,필기,4,target
2011-1,시사,4,target
2011-1,상식,4,target
2011-1,논술,4,target
2011-1,PT,3,target
2011-2,면접,394,target
2011-2,SSAT,15,target
2011-2,최종,13,target
2011-2,인적성,12,target
2011-2,시사,11,target
2011-2,토론,10,target
2011-2,PT,9,target
2011-2,인성,8,target
2011-2,임원,8,target
2011-2,상식,6,target
2011-2,필기,6,target
2011-2,영어,5,target
2011-2,공채,4,target
2011-2,논술,4,target
2011-2,지식,4,target
2011-2,직렬,4,target
2011-2,분석,3,target
2011-2,시사토론,3,target
2012-1,면접,501,target
2012-1,공채,39,target
2012-1,SSAT,33,target
2012-1,인성,28,target
2012-1,시사,27,target
2012-1,토론,27,target
2012-1,인적성,26,target
2012-1,PT,26,target
2012-1,영어,18,target
2012-1,상식,16,target
2012-1,합숙,13,target
2012-1,필기,12,target
2012-1,자소서,11,target
2012-1,직렬,11,target
2012-1,직무,11,target
2012-1,최종,9,target
2012-1,분석,7,target
2012-1,신규,6,target
2012-1,조기,6,target
2012-1,첨삭,6,target
2012-1,논술,5,target
2012-1,전략,5,target
2012-1,현직,5,target
2012-1,보충,4,target
2012-1,경제학,3,target
2012-1,독서,3,target
2012-1,시사토론,3,target
2012-1,자격증,3,target
2012-1,재취업,3,target
2012-1,중점,3,target
2012-1,프레젠테이션,3,target
2012-1,회화,3,target
2012-1,NW,3,target
2012-2,면접,1120,target
2012-2,SSAT,79,target
2012-2,인적성,72,target
2012-2,공채,54,target
2012-2,토론,53,target
2012-2,인성,47,target
2012-2,최종,47,target
2012-2,PT,44,target
2012-2,시사,41,target
2012-2,직무,32,target
2012-2,상식,28,target
2012-2,필기,23,target
2012-2,논술,22,target
2012-2,합숙,21,target
2012-2,자소서,17,target
2012-2,서류,15,target
2012-2,영어,13,target
2012-2,임원,12,target
2012-2,적성,12,target
2012-2,분석,11,target
2012-2,직렬,11,target
2012-2,첨삭,7,target
2012-2,후보,7,target
2012-2,시사토론,6,target
2012-2,역량,6,target
2012-2,모의,5,target
2012-2,통과,5,target
2012-2,자소서,4,target
2012-2,보충,3,target
2012-2,실전,3,target
2012-2,이론,3,target
2012-2,테스트,3,target
2012-2,AC,3,target
2013-1,면접,1259,target
2013-1,SSAT,194,target
2013-1,공채,152,target
2013-1,인적성,98,target
2013-1,시사,73,target
2013-1,인성,53,target
2013-1,최종,52,target
2013-1,직무,50,target
2013-1,PT,47,target
2013-1,토론,44,target
2013-1,자소서,32,target
2013-1,영어,31,target
2013-1,상식,30,target
2013-1,적성,21,target
2013-1,합숙,20,target
2013-1,논술,20,target
2013-1,회화,15,target
2013-1,보충,15,target
2013-1,첨삭,14,target
2013-1,티칭,13,target
2013-1,서류,13,target
2013-1,분석,13,target
2013-1,임원,12,target
2013-1,필기,11,target
2013-1,자격증,11,target
2013-1,전략,10,target
2013-1,자소서,10,target
2013-1,토익,9,target
2013-1,연계,9,target
2013-1,PT,8,target
2013-1,세미나,8,target
2013-1,바이킹,8,target
2013-1,직렬,7,target
2013-1,실전,7,target
2013-1,취득,6,target
2013-1,아카데미,6,target
2013-1,시사토론,6,target
2013-1,수시,6,target
2013-1,MR,5,target
2013-1,현직,5,target
2013-1,중국어,5,target
2013-1,모의고사,5,target
2013-1,HKAT,4,target
2013-1,COO,4,target
2013-1,통과,4,target
2013-1,코딩,4,target
2013-1,카톡,4,target
2013-1,재취업,4,target
2013-1,역사,4,target
2013-1,신규,4,target
2013-1,소개서,4,target
2013-1,모의,4,target
2013-1,계발,4,target
2013-1,경영학,4,target
2013-1,HR,3,target
2013-1,행정학,3,target
2013-1,연습,6,target
2013-1,스피치,3,target
2013-1,사례,3,target
2013-1,공통,3,target
2013-2,면접,1344,target
2013-2,SSAT,274,target
2013-2,인적성,124,target
2013-2,공채,106,target
2013-2,최종,94,target
2013-2,자소서,83,target
2013-2,직무,75,target
2013-2,시사,61,target
2013-2,PT,50,target
2013-2,토론,40,target
2013-2,인성,37,target
2013-2,상식,30,target
2013-2,영어,28,target
2013-2,적성,25,target
2013-2,프로젝트,25,target
2013-2,논술,23,target
2013-2,첨삭,19,target
2013-2,세미나,18,target
2013-2,분석,17,target
2013-2,스피치,16,target
2013-2,임원,16,target
2013-2,특강,15,target
2013-2,은행장,13,target
2013-2,테스트,13,target
2013-2,경영진,12,target
2013-2,자소서,12,target
2013-2,소개서,11,target
2013-2,역량,10,target
2013-2,필기,10,target
2013-2,서류,9,target
2013-2,토익,9,target
2013-2,실전,8,target
2013-2,직렬,8,target
2013-2,합숙,8,target
2013-2,GSAT,8,target
2013-2,멘토,7,target
2013-2,인강,7,target
2013-2,켐,7,target
2013-2,공통,6,target
2013-2,모의,6,target
2013-2,시사토론,6,target
2013-2,전략,6,target
2013-2,에세이,5,target
2013-2,인터뷰,5,target
2013-2,MR,5,target
2013-2,견학,4,target
2013-2,경제학,4,target
2013-2,능력,4,target
2013-2,현직,4,target
2013-2,협력,4,target
2013-2,회화,4,target
2013-2,검사,3,target
2013-2,아카데미,3,target
2013-2,재취업,3,target
2013-2,통과,3,target
2013-2,평가,3,target
2013-2,한국사,3,target
2013-2,한글,3,target
2013-2,핵심,3,target
2013-2,후보,3,target
2014-1,면접,881,target
2014-1,SSAT,192,target
2014-1,인적성,163,target
2014-1,자소서,86,target
2014-1,공채,79,target
2014-1,시사,70,target
2014-1,PT,65,target
2014-1,직무,61,target
2014-1,상식,49,target
2014-1,인성,45,target
2014-1,토론,44,target
2014-1,영어,42,target
2014-1,최종,27,target
2014-1,적성,26,target
2014-1,첨삭,16,target
2014-1,분석,11,target
2014-1,서류,10,target
2014-1,코딩,9,target
2014-1,견학,8,target
2014-1,보충,8,target
2014-1,논술,7,target
2014-1,소개서,7,target
2014-1,연습,7,target
2014-1,실전,6,target
2014-1,역량,6,target
2014-1,임원,6,target
2014-1,중점,6,target
2014-1,검사,5,target
2014-1,모의고사,5,target
2014-1,문항,5,target
2014-1,자소서,5,target
2014-1,핵심,5,target
2014-1,현직,5,target
2014-1,모의,4,target
2014-1,직장,4,target
2014-1,토익,4,target
2014-1,신규,3,target
2014-1,인강,3,target
2014-1,지식,3,target
2014-1,카톡,3,target
2014-1,토의,3,target
2014-1,필기,3,target
2014-1,협상,3,target
2014-1,힐링,3,target
2014-2,면접,1255,target
2014-2,인적성,272,target
2014-2,SSAT,146,target
2014-2,자소서,97,target
2014-2,PT,70,target
2014-2,시사,60,target
2014-2,공채,58,target
2014-2,직무,58,target
2014-2,최종,51,target
2014-2,토론,49,target
2014-2,상식,29,target
2014-2,영어,28,target
2014-2,적성,27,target
2014-2,분석,23,target
2014-2,논술,14,target
2014-2,HMAT,14,target
2014-2,보충,13,target
2014-2,실전,13,target
2014-2,임원,13,target
2014-2,연계,12,target
2014-2,필기,12,target
2014-2,모의,11,target
2014-2,첨삭,11,target
2014-2,멘토,10,target
2014-2,소개서,10,target
2014-2,시사토론,8,target
2014-2,연습,8,target
2014-2,합숙,8,target
2014-2,모의고사,7,target
2014-2,서류,7,target
2014-2,회화,7,target
2014-2,직렬,6,target
2014-2,팀장,6,target
2014-2,프로젝트,6,target
2014-2,재취업,5,target
2014-2,한국사,5,target
2014-2,BB,5,target
2014-2,과제,4,target
2014-2,독서,4,target
2014-2,역량,4,target
2014-2,전략,4,target
2014-2,카톡,4,target
2014-2,포트폴리오,4,target
2014-2,교재,3,target
2014-2,업무,3,target
2014-2,자격증,3,target
2014-2,중소기업,3,target
2014-2,켐,3,target
2014-2,테스트,3,target
2014-2,특강,3,target
2010-2,토익,77,language
2010-2,스피킹,16,language
2010-2,인적,7,language
2010-2,오픽,10,language
2010-2,모의고사,6,language
2010-2,토스,4,language
2011-1,토익,47,language
2011-1,오픽,9,language
2011-1,스피킹,9,language
2011-1,토스,4,language
2011-1,고득점,3,language
2011-2,토익,58,language
2011-2,오픽,36,language
2011-2,토스,23,language
2011-2,점수,4,language
2012-1,토익,347,language
2012-1,스피킹,57,language
2012-1,오픽,47,language
2012-1,토스,20,language
2012-1,모의고사,9,language
2012-1,HSK,9,language
2012-1,리스닝,6,language
2012-1,텝스,6,language
2012-1,단어,5,language
2012-1,영단어,4,language
2012-1,토플,3,language
2012-1,JPT,3,language
2012-1,RC,3,language
2012-2,토익,394,language
2012-2,오픽,43,language
2012-2,스피킹,41,language
2012-2,토스,22,language
2012-2,모의고사,18,language
2012-2,JPT,13,language
2012-2,단어,10,language
2012-2,단기,8,language
2012-2,토플,8,language
2012-2,HSK,8,language
2012-2,보카,6,language
2012-2,오픽,5,language
2012-2,특강,5,language
2012-2,고득점,4,language
2012-2,JLPT,3,language
2012-2,RC,3,language
2013-1,토익,706,language
2013-1,스피킹,94,language
2013-1,오픽,84,language
2013-1,토스,40,language
2013-1,모의고사,21,language
2013-1,단어,20,language
2013-1,단기,18,language
2013-1,문법,16,language
2013-1,JPT,16,language
2013-1,보카,11,language
2013-1,RC,11,language
2013-1,HSK,10,language
2013-1,고득점,8,language
2013-1,어휘,8,language
2013-1,오픽,8,language
2013-1,점수,8,language
2013-1,LC,8,language
2013-1,문장,7,language
2013-1,텝스,7,language
2013-1,JPT,6,language
2013-1,오픽,5,language
2013-1,암기,4,language
2013-1,오픽,4,language
2013-1,HSK,4,language
2013-1,JLPT,4,language
2013-1,스피킹,3,language
2013-1,BCT,3,language
2013-2,토익,535,language
2013-2,오픽,98,language
2013-2,스피킹,75,language
2013-2,토스,34,language
2013-2,모의고사,14,language
2013-2,HSK,13,language
2013-2,RC,11,language
2013-2,단어,9,language
2013-2,단기,7,language
2013-2,만점,5,language
2013-2,문법,5,language
2013-2,JPT,5,language
2013-2,고득점,4,language
2013-2,SJPT,4,language
2013-2,문장,3,language
2013-2,보카,3,language
2013-2,암기,3,language
2014-1,토익,515,language
2014-1,스피킹,103,language
2014-1,오픽,90,language
2014-1,토스,51,language
2014-1,모의고사,27,language
2014-1,RC,14,language
2014-1,단어,11,language
2014-1,고득점,9,language
2014-1,단기,5,language
2014-1,라이팅,5,language
2014-1,에세이,5,language
2014-1,고시,4,language
2014-1,JPT,4,language
2014-1,LC,4,language
2014-1,보카,3,language
2014-1,보카,3,language
2014-1,아이엘츠,3,language
2014-1,암기,3,language
2014-1,토플,3,language
2014-1,HSK,3,language
2014-2,토익,483,language
2014-2,오픽,116,language
2014-2,스피킹,101,language
2014-2,토스,62,language
2014-2,모의고사,14,language
2014-2,문법,13,language
2014-2,단기,12,language
2014-2,라이팅,10,language
2014-2,RC,7,language
2014-2,단어,6,language
2014-2,스피킹,6,language
2014-2,어학,5,language
2014-2,에세이,5,language
2014-2,LC,5,language
2014-2,보카,4,language
2014-2,HSK,4,language
2014-2,JPT,4,language
2014-2,암기,3,language
2014-2,인강,3,language
2014-2,점수,3,language
2014-2,토플,3,language
2014-2,EBS,3,language
2010-2,-,1,life
2011-1,도서관,7,life
2011-1,독서,7,life
2011-1,관리,4,life
2011-1,창조,3,life
2011-2,관리,5,life
2011-2,독서,3,life
2012-1,생활,18,life
2012-1,관리,3,life
2012-1,독서,4,life
2012-2,독서,16,life
2012-2,생활,15,life
2012-2,도서관,4,life
2013-1,독서,60,life
2013-1,생활,28,life
2013-1,도서관,22,life
2013-1,인문학,6,life
2013-1,관리,4,life
2013-1,밥,4,life
2013-1,여행,4,life
2013-1,테드,3,life
2013-1,탐방,3,life
2013-1,명작,3,life
2013-1,TED,3,life
2013-1,영화,3,life
2013-1,운동,3,life
2013-2,독서,39,life
2013-2,생활,24,life
2013-2,도서관,16,life
2013-2,자율,13,life
2013-2,고민,6,life
2013-2,친목,5,life
2013-2,카톡,4,life
2013-2,탐방,4,life
2013-2,영화,4,life
2013-2,관리,3,life
2013-2,베스트셀러,3,life
2014-1,독서,66,life
2014-1,생활,27,life
2014-1,도서관,24,life
2014-1,영화,10,life
2014-1,친목,7,life
2014-1,아침,7,life
2014-1,세계사,6,life
2014-1,생각,6,life
2014-1,여행,6,life
2014-1,자율,5,life
2014-1,직장인,5,life
2014-1,정의,5,life
2014-1,하버드,4,life
2014-1,문화,4,life
2014-1,출석,3,life
2014-1,기상,3,life
2014-1,관리,3,life
2014-1,힐링,3,life
2014-1,책,3,life
2014-1,드로잉,3,life
2014-1,바둑,3,life
2014-1,맛집,3,life
2014-1,자전거,3,life
2014-2,독서,116,life
2014-2,생활,34,life
2014-2,도서관,16,life
2014-2,책,16,life
2014-2,카톡,15,life
2014-2,친목,14,life
2014-2,힐링,14,life
2014-2,기상,13,life
2014-2,문화,13,life
2014-2,소모임,12,life
2014-2,배드민턴,11,life
2014-2,자율,10,life
2014-2,영화,9,life
2014-2,고민,8,life
2014-2,아침,7,life
2014-2,꿈,7,life
2014-2,스펙,6,life
2014-2,직장인,6,life
2014-2,연애,6,life
2014-2,체험,5,life
2014-2,인문학,5,life
2014-2,생각,5,life
2014-2,출석,4,life
2014-2,경쟁력,4,life
2014-2,청춘,4,life
2014-2,훈련,4,life
2014-2,커피,3,life
2014-2,스트레스,3,life
2014-2,산책,3,life
2014-2,로망,3,life
2014-2,불안,3,life
2014-2,이성,3,life
2014-2,성경,3,life
2014-2,캘리,3,life
2014-2,여행,3,life
2014-2,포토샵,3,life
2014-2,마라톤,3,life